{
  "5a0cbafedc8b8b4a4fb0a8d4518fb5f0": {
    "country": "Russia",
    "createdDate": 1713945406053,
    "id": "5a0cbafedc8b8b4a4fb0a8d4518fb5f0",
    "location": "Moscow",
    "schoolName": "Moscow State University",
    "updatedDate": 1713945406053
  },
  "6b68af9b05bc918cb685f3843c650f46": {
    "country": "USA",
    "createdDate": 1713945406054,
    "id": "6b68af9b05bc918cb685f3843c650f46",
    "location": "Washington D.C.",
    "schoolName": "Georgetown University",
    "updatedDate": 1713945406054
  },
  "7c0f1de15958c6f5d0023cfbae27f7e5": {
    "country": "India",
    "createdDate": 1713945406055,
    "id": "7c0f1de15958c6f5d0023cfbae27f7e5",
    "location": "Delhi",
    "schoolName": "Indian Institute of Technology Delhi",
    "updatedDate": 1713945406055
  },
  "8d745f194bcb2bb63b66023e0080d634": {
    "country": "Dubai",
    "createdDate": 1713945406056,
    "id": "8d745f194bcb2bb63b66023e0080d634",
    "location": "Dubai",
    "schoolName": "American University in Dubai",
    "updatedDate": 1713945406056
  },
  "9e2ad4bcf1b6a5e75d159d569d505cb0": {
    "country": "China",
    "createdDate": 1713945406057,
    "id": "9e2ad4bcf1b6a5e75d159d569d505cb0",
    "location": "Beijing",
    "schoolName": "Tsinghua University",
    "updatedDate": 1713945406057
  },
  "0a08d55c8e894d35b00167aaeb7b5da5": {
    "country": "Japan",
    "createdDate": 1713945406058,
    "id": "0a08d55c8e894d35b00167aaeb7b5da5",
    "location": "Tokyo",
    "schoolName": "University of Tokyo",
    "updatedDate": 1713945406058
  },
  "1b1c13fcf49a67cb30cbe07a56f50180": {
    "country": "UK",
    "createdDate": 1713945406059,
    "id": "1b1c13fcf49a67cb30cbe07a56f50180",
    "location": "London",
    "schoolName": "Imperial College London",
    "updatedDate": 1713945406059
  },
  "2c98de8a18aaef2f89a2144a1873f73f": {
    "country": "Russia",
    "createdDate": 1713945406060,
    "id": "2c98de8a18aaef2f89a2144a1873f73f",
    "location": "Saint Petersburg",
    "schoolName": "Saint Petersburg State University",
    "updatedDate": 1713945406060
  },
  "3d73083e5e7bcfcb9a05742d2f37c4c9": {
    "country": "USA",
    "createdDate": 1713945406061,
    "id": "3d73083e5e7bcfcb9a05742d2f37c4c9",
    "location": "Los Angeles",
    "schoolName": "University of California, Los Angeles",
    "updatedDate": 1713945406061
  },
  "4ebe2b63603e11f768f5bc9200f32e7d": {
    "country": "India",
    "createdDate": 1713945406062,
    "id": "4ebe2b63603e11f768f5bc9200f32e7d",
    "location": "Bangalore",
    "schoolName": "Indian Institute of Science",
    "updatedDate": 1713945406062
  },
  "5fcbfa75c582625d3d5aa3a346d6b15b": {
    "country": "Dubai",
    "createdDate": 1713945406063,
    "id": "5fcbfa75c582625d3d5aa3a346d6b15b",
    "location": "Sharjah",
    "schoolName": "American University of Sharjah",
    "updatedDate": 1713945406063
  },
  "6a30c9f6d5aa7226c5d0f4759b7347a8": {
    "country": "China",
    "createdDate": 1713945406064,
    "id": "6a30c9f6d5aa7226c5d0f4759b7347a8",
    "location": "Shanghai",
    "schoolName": "Fudan University",
    "updatedDate": 1713945406064
  },
  "7bbd01d18e8e8de1b795d5b271bbf517": {
    "country": "Japan",
    "createdDate": 1713945406065,
    "id": "7bbd01d18e8e8de1b795d5b271bbf517",
    "location": "Osaka",
    "schoolName": "Osaka University",
    "updatedDate": 1713945406065
  },
  "8a7f1bc01f27c53bf4f50e75fa8aa09e": {
    "country": "UK",
    "createdDate": 1713945406066,
    "id": "8a7f1bc01f27c53bf4f50e75fa8aa09e",
    "location": "Manchester",
    "schoolName": "University of Manchester",
    "updatedDate": 1713945406066
  },
  "9d3a6f56b88e8f64ad1b73eebf7e68e5": {
    "country": "Russia",
    "createdDate": 1713945406067,
    "id": "9d3a6f56b88e8f64ad1b73eebf7e68e5",
    "location": "Novosibirsk",
    "schoolName": "Novosibirsk State University",
    "updatedDate": 1713945406067
  },
  "0b4e95472fa8b683defe25ef5d6e014a": {
    "country": "USA",
    "createdDate": 1713945406068,
    "id": "0b4e95472fa8b683defe25ef5d6e014a",
    "location": "Chicago",
    "schoolName": "University of Chicago",
    "updatedDate": 1713945406068
  },
  "1c2d3a3d3e29ef7eade0231a25b17f51": {
    "country": "India",
    "createdDate": 1713945406069,
    "id": "1c2d3a3d3e29ef7eade0231a25b17f51",
    "location": "Pune",
    "schoolName": "Savitribai Phule Pune University",
    "updatedDate": 1713945406069
  },
  "2f5ec0f8cf0e5d4abef8ec28d32e1767": {
    "country": "Dubai",
    "createdDate": 1713945406070,
    "id": "2f5ec0f8cf0e5d4abef8ec28d32e1767",
    "location": "Abu Dhabi",
    "schoolName": "Khalifa University",
    "updatedDate": 1713945406070
  },
  "3d6b1e793e3d59f5883b06e9723be75b": {
    "country": "China",
    "createdDate": 1713945406071,
    "id": "3d6b1e793e3d59f5883b06e9723be75b",
    "location": "Guangzhou",
    "schoolName": "Sun Yat-sen University",
    "updatedDate": 1713945406071
  },
  "4d7f3bebdedc7b6e8b58a9219d0b12da": {
    "country": "Japan",
    "createdDate": 1713945406072,
    "id": "4d7f3bebdedc7b6e8b58a9219d0b12da",
    "location": "Kyoto",
    "schoolName": "Kyoto University",
    "updatedDate": 1713945406072
  },
  "5bca3c074f474e8b7fbdef7e8b227ba9": {
    "country": "UK",
    "createdDate": 1713945406073,
    "id": "5bca3c074f474e8b7fbdef7e8b227ba9",
    "location": "Edinburgh",
    "schoolName": "University of Edinburgh",
    "updatedDate": 1713945406073
  },
  "6f8aa867872e6e90e4d0b91c3068948b": {
    "country": "Russia",
    "createdDate": 1713945406074,
    "id": "6f8aa867872e6e90e4d0b91c3068948b",
    "location": "Kazan",
    "schoolName": "Kazan Federal University",
    "updatedDate": 1713945406074
  },
  "7c96d87b38f7264391f9e1d3b6e36360": {
    "country": "USA",
    "createdDate": 1713945406075,
    "id": "7c96d87b38f7264391f9e1d3b6e36360",
    "location": "Boston",
    "schoolName": "Massachusetts Institute of Technology",
    "updatedDate": 1713945406075
  },
  "8e0a7153cc0a4e97aa8964295ee29a41": {
    "country": "India",
    "createdDate": 1713945406076,
    "id": "8e0a7153cc0a4e97aa8964295ee29a41",
    "location": "Chennai",
    "schoolName": "Indian Institute of Technology Madras",
    "updatedDate": 1713945406076
  },
  "9a9e1a5c58d4a23f25dfe958f8c5fc26": {
    "country": "Dubai",
    "createdDate": 1713945406077,
    "id": "9a9e1a5c58d4a23f25dfe958f8c5fc26",
    "location": "Ras Al Khaimah",
    "schoolName": "American University of Ras Al Khaimah",
    "updatedDate": 1713945406077
  },
  "0b3c6f415a974bc39709c1105f3e9810": {
    "country": "China",
    "createdDate": 1713945406078,
    "id": "0b3c6f415a974bc39709c1105f3e9810",
    "location": "Chengdu",
    "schoolName": "University of Electronic Science and Technology of China",
    "updatedDate": 1713945406078
  },
  "1d5ef316e83eb3e071d28a059ac15c93": {
    "country": "Japan",
    "createdDate": 1713945406079,
    "id": "1d5ef316e83eb3e071d28a059ac15c93",
    "location": "Nagoya",
    "schoolName": "Nagoya University",
    "updatedDate": 1713945406079
  },
  "2f7f30e28a8c183ef3ab6f5bfe8f6633": {
    "country": "UK",
    "createdDate": 1713945406080,
    "id": "2f7f30e28a8c183ef3ab6f5bfe8f6633",
    "location": "Birmingham",
    "schoolName": "University of Birmingham",
    "updatedDate": 1713945406080
  },
  "3b1fbfd657e36f7329f3a6a75157e0a4": {
    "country": "Russia",
    "createdDate": 1713945406081,
    "id": "3b1fbfd657e36f7329f3a6a75157e0a4",
    "location": "Yekaterinburg",
    "schoolName": "Ural Federal University",
    "updatedDate": 1713945406081
  },
  "4d8b9d0f67f4c98ee0fba90bf1c1bdc2": {
    "country": "USA",
    "createdDate": 1713945406082,
    "id": "4d8b9d0f67f4c98ee0fba90bf1c1bdc2",
    "location": "San Francisco",
    "schoolName": "Stanford University",
    "updatedDate": 1713945406082
  },
  "5a4cf2c4ae0788db5cbb27b80f5f1d3e": {
    "country": "India",
    "createdDate": 1713945406083,
    "id": "5a4cf2c4ae0788db5cbb27b80f5f1d3e",
    "location": "Kolkata",
    "schoolName": "Indian Institute of Technology Kharagpur",
    "updatedDate": 1713945406083
  },
  "6d6d9dc4bbda750be1c27254c15d8f4d": {
    "country": "Dubai",
    "createdDate": 1713945406084,
    "id": "6d6d9dc4bbda750be1c27254c15d8f4d",
    "location": "Fujairah",
    "schoolName": "Ajman University",
    "updatedDate": 1713945406084
  },
  "7d2f7838e6e5b34933c2b0b68dc8bfc3": {
    "country": "China",
    "createdDate": 1713945406085,
    "id": "7d2f7838e6e5b34933c2b0b68dc8bfc3",
    "location": "Shenzhen",
    "schoolName": "Southern University of Science and Technology",
    "updatedDate": 1713945406085
  },
  "8b9a8f9c01d0bc2b90c29a0d0cb60d16": {
    "country": "Japan",
    "createdDate": 1713945406086,
    "id": "8b9a8f9c01d0bc2b90c29a0d0cb60d16",
    "location": "Yokohama",
    "schoolName": "Keio University",
    "updatedDate": 1713945406086
  },
  "9e9f0cb76fd139a3d2f78f8b47e8d463": {
    "country": "UK",
    "createdDate": 1713945406087,
    "id": "9e9f0cb76fd139a3d2f78f8b47e8d463",
    "location": "Glasgow",
    "schoolName": "University of Glasgow",
    "updatedDate": 1713945406087
  },
  "0c6caceb4a29a1fc64652ad0275ee469": {
    "country": "Russia",
    "createdDate": 1713945406088,
    "id": "0c6caceb4a29a1fc64652ad0275ee469",
    "location": "Krasnoyarsk",
    "schoolName": "Siberian Federal University",
    "updatedDate": 1713945406088
  },
  "1a4bfcfba59cf36a13a36c6ecfbd402c": {
    "country": "USA",
    "createdDate": 1713945406089,
    "id": "1a4bfcfba59cf36a13a36c6ecfbd402c",
    "location": "Philadelphia",
    "schoolName": "University of Pennsylvania",
    "updatedDate": 1713945406089
  },
  "2d5e0b61b8fb8c4d798b37d6cfd24f24": {
    "country": "India",
    "createdDate": 1713945406090,
    "id": "2d5e0b61b8fb8c4d798b37d6cfd24f24",
    "location": "Ahmedabad",
    "schoolName": "Indian Institute of Management Ahmedabad",
    "updatedDate": 1713945406090
  },
  "3b7a908f7f3a1fc3e8a379e75855ab28": {
    "country": "Dubai",
    "createdDate": 1713945406091,
    "id": "3b7a908f7f3a1fc3e8a379e75855ab28",
    "location": "Ajman",
    "schoolName": "Ajman University of Science and Technology",
    "updatedDate": 1713945406091
  },
  "4c8e978dd4995dc3bc8844f04e731c44": {
    "country": "China",
    "createdDate": 1713945406092,
    "id": "4c8e978dd4995dc3bc8844f04e731c44",
    "location": "Hong Kong",
    "schoolName": "University of Hong Kong",
    "updatedDate": 1713945406092
  },
  "5a6cb133173b0f96aa44e45fe7024e07": {
    "country": "Japan",
    "createdDate": 1713945406093,
    "id": "5a6cb133173b0f96aa44e45fe7024e07",
    "location": "Sapporo",
    "schoolName": "Hokkaido University",
    "updatedDate": 1713945406093
  },
  "6e4f2e9e9ff4a6d9dbd528f3d3da9303": {
    "country": "UK",
    "createdDate": 1713945406094,
    "id": "6e4f2e9e9ff4a6d9dbd528f3d3da9303",
    "location": "Leeds",
    "schoolName": "University of Leeds",
    "updatedDate": 1713945406094
  },
  "7b2e295cd7beaf90e1d6fd6312265df5": {
    "country": "Russia",
    "createdDate": 1713945406095,
    "id": "7b2e295cd7beaf90e1d6fd6312265df5",
    "location": "Omsk",
    "schoolName": "Omsk State University",
    "updatedDate": 1713945406095
  },
  "8a7cb6936e16376839a9d1e24f674b6d": {
    "country": "USA",
    "createdDate": 1713945406096,
    "id": "8a7cb6936e16376839a9d1e24f674b6d",
    "location": "Houston",
    "schoolName": "Rice University",
    "updatedDate": 1713945406096
  },
  "9d3bba9ad2e5e8aa048fde0cc1929a35": {
    "country": "India",
    "createdDate": 1713945406097,
    "id": "9d3bba9ad2e5e8aa048fde0cc1929a35",
    "location": "Hyderabad",
    "schoolName": "Indian School of Business",
    "updatedDate": 1713945406097
  },
  "0c8d8e7c72b8d44593a54ae1d0fe7f06": {
    "country": "Dubai",
    "createdDate": 1713945406098,
    "id": "0c8d8e7c72b8d44593a54ae1d0fe7f06",
    "location": "Sharjah",
    "schoolName": "University of Sharjah",
    "updatedDate": 1713945406098
  },
  "1f5a4ad79c987575d2bbf589efc38ba8": {
    "country": "China",
    "createdDate": 1713945406099,
    "id": "1f5a4ad79c987575d2bbf589efc38ba8",
    "location": "Nanjing",
    "schoolName": "Nanjing University",
    "updatedDate": 1713945406099
  },
  "2e5f5a8c63b6946e7d49e0862f9fbd67": {
    "country": "Japan",
    "createdDate": 1713945406100,
    "id": "2e5f5a8c63b6946e7d49e0862f9fbd67",
    "location": "Fukuoka",
    "schoolName": "Kyushu University",
    "updatedDate": 1713945406100
  },
  "3a0e188a2e16739e5951b0b5db0fe0d2": {
    "country": "UK",
    "createdDate": 1713945406101,
    "id": "3a0e188a2e16739e5951b0b5db0fe0d2",
    "location": "Bristol",
    "schoolName": "University of Bristol",
    "updatedDate": 1713945406101
  },
  "4b9a8a8a4840f68ef57fd2b38dbb08a0": {
    "country": "Russia",
    "createdDate": 1713945406102,
    "id": "4b9a8a8a4840f68ef57fd2b38dbb08a0",
    "location": "Chelyabinsk",
    "schoolName": "South Ural State University",
    "updatedDate": 1713945406102
  },
  "5d0f7c4fae3daea69e4938905edf09c0": {
    "country": "USA",
    "createdDate": 1713945406103,
    "id": "5d0f7c4fae3daea69e4938905edf09c0",
    "location": "Seattle",
    "schoolName": "University of Washington",
    "updatedDate": 1713945406103
  },
  "6c5ee84f3b2eb10c4cb7a6b805a64e89": {
    "country": "India",
    "createdDate": 1713945406104,
    "id": "6c5ee84f3b2eb10c4cb7a6b805a64e89",
    "location": "Jaipur",
    "schoolName": "Indian Institute of Management Udaipur",
    "updatedDate": 1713945406104
  },
  "7a2b3a5fc95ea1c4999b387bbe049e5e": {
    "country": "Dubai",
    "createdDate": 1713945406105,
    "id": "7a2b3a5fc95ea1c4999b387bbe049e5e",
    "location": "Al Ain",
    "schoolName": "United Arab Emirates University",
    "updatedDate": 1713945406105
  },
  "8e7c3bc3a89b2bcf2debf062e629dfb5": {
    "country": "China",
    "createdDate": 1713945406106,
    "id": "8e7c3bc3a89b2bcf2debf062e629dfb5",
    "location": "Xi'an",
    "schoolName": "Xi'an Jiaotong University",
    "updatedDate": 1713945406106
  },
  "9b5c1d9be4b18c274dd4d791d31b75a8": {
    "country": "Japan",
    "createdDate": 1713945406107,
    "id": "9b5c1d9be4b18c274dd4d791d31b75a8",
    "location": "Sendai",
    "schoolName": "Tohoku University",
    "updatedDate": 1713945406107
  },
  "0d7e0eb0e5b0f6f90d3ba5980fd4f2f4": {
    "country": "UK",
    "createdDate": 1713945406108,
    "id": "0d7e0eb0e5b0f6f90d3ba5980fd4f2f4",
    "location": "Liverpool",
    "schoolName": "University of Liverpool",
    "updatedDate": 1713945406108
  },
  "1f4e97fb0d4b4f0a1aa6d75b3ec43952": {
    "country": "Russia",
    "createdDate": 1713945406109,
    "id": "1f4e97fb0d4b4f0a1aa6d75b3ec43952",
    "location": "Krasnodar",
    "schoolName": "Kuban State University",
    "updatedDate": 1713945406109
  },
  "2f3f1e29cf7e4c9792b402287eeb67c2": {
    "country": "USA",
    "createdDate": 1713945406110,
    "id": "2f3f1e29cf7e4c9792b402287eeb67c2",
    "location": "Atlanta",
    "schoolName": "Georgia Institute of Technology",
    "updatedDate": 1713945406110
  },
  "3b0fca3f0d6a18be08fa7c49e14d94e9": {
    "country": "India",
    "createdDate": 1713945406111,
    "id": "3b0fca3f0d6a18be08fa7c49e14d94e9",
    "location": "Lucknow",
    "schoolName": "Indian Institute of Management Lucknow",
    "updatedDate": 1713945406111
  },
  "4c1d0c6d5e0ad0e1df1adbd1f35f0c8b": {
    "country": "Dubai",
    "createdDate": 1713945406112,
    "id": "4c1d0c6d5e0ad0e1df1adbd1f35f0c8b",
    "location": "Ajman",
    "schoolName": "Ajman University of Science & Technology",
    "updatedDate": 1713945406112
  },
  "5b8fbd1e7796889828c742e92c154a35": {
    "country": "China",
    "createdDate": 1713945406113,
    "id": "5b8fbd1e7796889828c742e92c154a35",
    "location": "Wuhan",
    "schoolName": "Wuhan University",
    "updatedDate": 1713945406113
  },
  "6e6e6e44b653b1fdd71f95f0e3d334e2": {
    "country": "Japan",
    "createdDate": 1713945406114,
    "id": "6e6e6e44b653b1fdd71f95f0e3d334e2",
    "location": "Kobe",
    "schoolName": "Kobe University",
    "updatedDate": 1713945406114
  },
  "7c7db783e59136de4857a5e433b57d03": {
    "country": "UK",
    "createdDate": 1713945406115,
    "id": "7c7db783e59136de4857a5e433b57d03",
    "location": "Sheffield",
    "schoolName": "University of Sheffield",
    "updatedDate": 1713945406115
  },
  "8b5b02dbd2fc1242adfb85a680df66fa": {
    "country": "Russia",
    "createdDate": 1713945406116,
    "id": "8b5b02dbd2fc1242adfb85a680df66fa",
    "location": "Samara",
    "schoolName": "Samara University",
    "updatedDate": 1713945406116
  },
  "9d4b4ba26c2a4d28d8c79e35a0c68e47": {
    "country": "USA",
    "createdDate": 1713945406117,
    "id": "9d4b4ba26c2a4d28d8c79e35a0c68e47",
    "location": "Austin",
    "schoolName": "University of Texas at Austin",
    "updatedDate": 1713945406117
  },
  "0c2d8eb95d0c8e0f6bb7930563bbd47d": {
    "country": "India",
    "createdDate": 1713945406118,
    "id": "0c2d8eb95d0c8e0f6bb7930563bbd47d",
    "location": "Kochi",
    "schoolName": "Indian Institute of Management Kozhikode",
    "updatedDate": 1713945406118
  },
  "1f2b68fcd823d3e0e12e33c2950ebed7": {
    "country": "Dubai",
    "createdDate": 1713945406119,
    "id": "1f2b68fcd823d3e0e12e33c2950ebed7",
    "location": "Al Ain",
    "schoolName": "Al Ain University",
    "updatedDate": 1713945406119
  },
  "2e1f24b92f8b5e9ff8b4ab620c3e754d": {
    "country": "China",
    "createdDate": 1713945406120,
    "id": "2e1f24b92f8b5e9ff8b4ab620c3e754d",
    "location": "Hangzhou",
    "schoolName": "Zhejiang University",
    "updatedDate": 1713945406120
  },
  "3a7d6b3fc7707a3dd89d3c292a8edc7f": {
    "country": "Japan",
    "createdDate": 1713945406121,
    "id": "3a7d6b3fc7707a3dd89d3c292a8edc7f",
    "location": "Hiroshima",
    "schoolName": "Hiroshima University",
    "updatedDate": 1713945406121
  },
  "4a4b43e0e1ef6d59da60f5e7c50a68fb": {
    "country": "UK",
    "createdDate": 1713945406122,
    "id": "4a4b43e0e1ef6d59da60f5e7c50a68fb",
    "location": "Cambridge",
    "schoolName": "University of Cambridge",
    "updatedDate": 1713945406122
  }
}
