{
  "5a0cbafedc8b8b4a4fb0a8d4518fb5f0": {
    "5a0cbafedc8b8b4a4fb0a8d4518fb5f0_1": {
      "createdDate": 1641305820000,
      "id": "5a0cbafedc8b8b4a4fb0a8d4518fb5f0_1",
      "schoolId": "5a0cbafedc8b8b4a4fb0a8d4518fb5f0",
      "standard": "4th Standard",
      "studentLocation": "Kolkata",
      "studentName": "Hannah Allen",
      "updatedDate": 1641411620000
    },
    "5a0cbafedc8b8b4a4fb0a8d4518fb5f0_2": {
      "createdDate": 1641205820000,
      "id": "5a0cbafedc8b8b4a4fb0a8d4518fb5f0_2",
      "schoolId": "5a0cbafedc8b8b4a4fb0a8d4518fb5f0",
      "standard": "8th Standard",
      "studentLocation": "Mumbai",
      "studentName": "Lucas Harris",
      "updatedDate": 1641311620000
    },
    "5a0cbafedc8b8b4a4fb0a8d4518fb5f0_3": {
      "createdDate": 1641405820000,
      "id": "5a0cbafedc8b8b4a4fb0a8d4518fb5f0_3",
      "schoolId": "5a0cbafedc8b8b4a4fb0a8d4518fb5f0",
      "standard": "6th Standard",
      "studentLocation": "Delhi",
      "studentName": "Oliver King",
      "updatedDate": 1641416620000
    },
    "5a0cbafedc8b8b4a4fb0a8d4518fb5f0_4": {
      "createdDate": 1641505820000,
      "id": "5a0cbafedc8b8b4a4fb0a8d4518fb5f0_4",
      "schoolId": "5a0cbafedc8b8b4a4fb0a8d4518fb5f0",
      "standard": "7th Standard",
      "studentLocation": "Chennai",
      "studentName": "Charlotte Lee",
      "updatedDate": 1641511620000
    },
    "5a0cbafedc8b8b4a4fb0a8d4518fb5f0_5": {
      "createdDate": 1641605820000,
      "id": "5a0cbafedc8b8b4a4fb0a8d4518fb5f0_5",
      "schoolId": "5a0cbafedc8b8b4a4fb0a8d4518fb5f0",
      "standard": "5th Standard",
      "studentLocation": "Bangalore",
      "studentName": "William Brown",
      "updatedDate": 1641611620000
    }
  },
  "6b68af9b05bc918cb685f3843c650f46": {
    "6b68af9b05bc918cb685f3843c650f46_1": {
      "createdDate": 1641305820000,
      "id": "6b68af9b05bc918cb685f3843c650f46_1",
      "schoolId": "6b68af9b05bc918cb685f3843c650f46",
      "standard": "4th Standard",
      "studentLocation": "Pune",
      "studentName": "Ella Lopez",
      "updatedDate": 1641411620000
    },
    "6b68af9b05bc918cb685f3843c650f46_2": {
      "createdDate": 1641205820000,
      "id": "6b68af9b05bc918cb685f3843c650f46_2",
      "schoolId": "6b68af9b05bc918cb685f3843c650f46",
      "standard": "8th Standard",
      "studentLocation": "Hyderabad",
      "studentName": "Benjamin Clark",
      "updatedDate": 1641311620000
    },
    "6b68af9b05bc918cb685f3843c650f46_3": {
      "createdDate": 1641405820000,
      "id": "6b68af9b05bc918cb685f3843c650f46_3",
      "schoolId": "6b68af9b05bc918cb685f3843c650f46",
      "standard": "6th Standard",
      "studentLocation": "Chennai",
      "studentName": "Daniel Hill",
      "updatedDate": 1641416620000
    },
    "6b68af9b05bc918cb685f3843c650f46_4": {
      "createdDate": 1641505820000,
      "id": "6b68af9b05bc918cb685f3843c650f46_4",
      "schoolId": "6b68af9b05bc918cb685f3843c650f46",
      "standard": "7th Standard",
      "studentLocation": "Mumbai",
      "studentName": "Sophia Davis",
      "updatedDate": 1641511620000
    },
    "6b68af9b05bc918cb685f3843c650f46_5": {
      "createdDate": 1641605820000,
      "id": "6b68af9b05bc918cb685f3843c650f46_5",
      "schoolId": "6b68af9b05bc918cb685f3843c650f46",
      "standard": "5th Standard",
      "studentLocation": "Kolkata",
      "studentName": "Matthew Lopez",
      "updatedDate": 1641611620000
    }
  },
  "7c0f1de15958c6f5d0023cfbae27f7e5": {
    "7c0f1de15958c6f5d0023cfbae27f7e5_1": {
      "createdDate": 1641305820000,
      "id": "7c0f1de15958c6f5d0023cfbae27f7e5_1",
      "schoolId": "7c0f1de15958c6f5d0023cfbae27f7e5",
      "standard": "4th Standard",
      "studentLocation": "Delhi",
      "studentName": "Matthew White",
      "updatedDate": 1641411620000
    },
    "7c0f1de15958c6f5d0023cfbae27f7e5_2": {
      "createdDate": 1641205820000,
      "id": "7c0f1de15958c6f5d0023cfbae27f7e5_2",
      "schoolId": "7c0f1de15958c6f5d0023cfbae27f7e5",
      "standard": "8th Standard",
      "studentLocation": "Bangalore",
      "studentName": "Amelia Green",
      "updatedDate": 1641311620000
    },
    "7c0f1de15958c6f5d0023cfbae27f7e5_3": {
      "createdDate": 1641405820000,
      "id": "7c0f1de15958c6f5d0023cfbae27f7e5_3",
      "schoolId": "7c0f1de15958c6f5d0023cfbae27f7e5",
      "standard": "6th Standard",
      "studentLocation": "Chennai",
      "studentName": "William Clark",
      "updatedDate": 1641416620000
    },
    "7c0f1de15958c6f5d0023cfbae27f7e5_4": {
      "createdDate": 1641505820000,
      "id": "7c0f1de15958c6f5d0023cfbae27f7e5_4",
      "schoolId": "7c0f1de15958c6f5d0023cfbae27f7e5",
      "standard": "7th Standard",
      "studentLocation": "Hyderabad",
      "studentName": "Charlotte King",
      "updatedDate": 1641511620000
    },
    "7c0f1de15958c6f5d0023cfbae27f7e5_5": {
      "createdDate": 1641605820000,
      "id": "7c0f1de15958c6f5d0023cfbae27f7e5_5",
      "schoolId": "7c0f1de15958c6f5d0023cfbae27f7e5",
      "standard": "5th Standard",
      "studentLocation": "Mumbai",
      "studentName": "Oliver Miller",
      "updatedDate": 1641611620000
    }
  },
  "8d745f194bcb2bb63b66023e0080d634": {
    "8d745f194bcb2bb63b66023e0080d634_1": {
      "createdDate": 1641305820000,
      "id": "8d745f194bcb2bb63b66023e0080d634_1",
      "schoolId": "8d745f194bcb2bb63b66023e0080d634",
      "standard": "4th Standard",
      "studentLocation": "Chennai",
      "studentName": "Daniel Martin",
      "updatedDate": 1641411620000
    },
    "8d745f194bcb2bb63b66023e0080d634_2": {
      "createdDate": 1641205820000,
      "id": "8d745f194bcb2bb63b66023e0080d634_2",
      "schoolId": "8d745f194bcb2bb63b66023e0080d634",
      "standard": "8th Standard",
      "studentLocation": "Delhi",
      "studentName": "Sofia Young",
      "updatedDate": 1641311620000
    },
    "8d745f194bcb2bb63b66023e0080d634_3": {
      "createdDate": 1641405820000,
      "id": "8d745f194bcb2bb63b66023e0080d634_3",
      "schoolId": "8d745f194bcb2bb63b66023e0080d634",
      "standard": "6th Standard",
      "studentLocation": "Kolkata",
      "studentName": "Matthew Thompson",
      "updatedDate": 1641416620000
    },
    "8d745f194bcb2bb63b66023e0080d634_4": {
      "createdDate": 1641505820000,
      "id": "8d745f194bcb2bb63b66023e0080d634_4",
      "schoolId": "8d745f194bcb2bb63b66023e0080d634",
      "standard": "7th Standard",
      "studentLocation": "Mumbai",
      "studentName": "Sophia Brown",
      "updatedDate": 1641511620000
    },
    "8d745f194bcb2bb63b66023e0080d634_5": {
      "createdDate": 1641605820000,
      "id": "8d745f194bcb2bb63b66023e0080d634_5",
      "schoolId": "8d745f194bcb2bb63b66023e0080d634",
      "standard": "5th Standard",
      "studentLocation": "Hyderabad",
      "studentName": "Benjamin Wilson",
      "updatedDate": 1641611620000
    }
  },
  "9e2ad4bcf1b6a5e75d159d569d505cb0": {
    "9e2ad4bcf1b6a5e75d159d569d505cb0_1": {
      "createdDate": 1641305820000,
      "id": "9e2ad4bcf1b6a5e75d159d569d505cb0_1",
      "schoolId": "9e2ad4bcf1b6a5e75d159d569d505cb0",
      "standard": "4th Standard",
      "studentLocation": "Hyderabad",
      "studentName": "Michael Wright",
      "updatedDate": 1641411620000
    },
    "9e2ad4bcf1b6a5e75d159d569d505cb0_2": {
      "createdDate": 1641205820000,
      "id": "9e2ad4bcf1b6a5e75d159d569d505cb0_2",
      "schoolId": "9e2ad4bcf1b6a5e75d159d569d505cb0",
      "standard": "8th Standard",
      "studentLocation": "Mumbai",
      "studentName": "Charlotte Hall",
      "updatedDate": 1641311620000
    },
    "9e2ad4bcf1b6a5e75d159d569d505cb0_3": {
      "createdDate": 1641405820000,
      "id": "9e2ad4bcf1b6a5e75d159d569d505cb0_3",
      "schoolId": "9e2ad4bcf1b6a5e75d159d569d505cb0",
      "standard": "6th Standard",
      "studentLocation": "Kolkata",
      "studentName": "Ella Lopez",
      "updatedDate": 1641416620000
    },
    "9e2ad4bcf1b6a5e75d159d569d505cb0_4": {
      "createdDate": 1641505820000,
      "id": "9e2ad4bcf1b6a5e75d159d569d505cb0_4",
      "schoolId": "9e2ad4bcf1b6a5e75d159d569d505cb0",
      "standard": "7th Standard",
      "studentLocation": "Chennai",
      "studentName": "Daniel Taylor",
      "updatedDate": 1641511620000
    },
    "9e2ad4bcf1b6a5e75d159d569d505cb0_5": {
      "createdDate": 1641605820000,
      "id": "9e2ad4bcf1b6a5e75d159d569d505cb0_5",
      "schoolId": "9e2ad4bcf1b6a5e75d159d569d505cb0",
      "standard": "5th Standard",
      "studentLocation": "Delhi",
      "studentName": "Sophia Clark",
      "updatedDate": 1641611620000
    }
  },
  "0a08d55c8e894d35b00167aaeb7b5da5": {
    "0a08d55c8e894d35b00167aaeb7b5da5_1": {
      "createdDate": 1641305820000,
      "id": "0a08d55c8e894d35b00167aaeb7b5da5_1",
      "schoolId": "0a08d55c8e894d35b00167aaeb7b5da5",
      "standard": "4th Standard",
      "studentLocation": "Mumbai",
      "studentName": "Aiden Harris",
      "updatedDate": 1641411620000
    },
    "0a08d55c8e894d35b00167aaeb7b5da5_2": {
      "createdDate": 1641205820000,
      "id": "0a08d55c8e894d35b00167aaeb7b5da5_2",
      "schoolId": "0a08d55c8e894d35b00167aaeb7b5da5",
      "standard": "8th Standard",
      "studentLocation": "Delhi",
      "studentName": "Chloe Young",
      "updatedDate": 1641311620000
    },
    "0a08d55c8e894d35b00167aaeb7b5da5_3": {
      "createdDate": 1641405820000,
      "id": "0a08d55c8e894d35b00167aaeb7b5da5_3",
      "schoolId": "0a08d55c8e894d35b00167aaeb7b5da5",
      "standard": "6th Standard",
      "studentLocation": "Bangalore",
      "studentName": "Mia Thompson",
      "updatedDate": 1641416620000
    },
    "0a08d55c8e894d35b00167aaeb7b5da5_4": {
      "createdDate": 1641505820000,
      "id": "0a08d55c8e894d35b00167aaeb7b5da5_4",
      "schoolId": "0a08d55c8e894d35b00167aaeb7b5da5",
      "standard": "7th Standard",
      "studentLocation": "Chennai",
      "studentName": "Lucas Clark",
      "updatedDate": 1641511620000
    },
    "0a08d55c8e894d35b00167aaeb7b5da5_5": {
      "createdDate": 1641605820000,
      "id": "0a08d55c8e894d35b00167aaeb7b5da5_5",
      "schoolId": "0a08d55c8e894d35b00167aaeb7b5da5",
      "standard": "5th Standard",
      "studentLocation": "Hyderabad",
      "studentName": "Ethan Wilson",
      "updatedDate": 1641611620000
    }
  },
  "1b1c13fcf49a67cb30cbe07a56f50180": {
    "1b1c13fcf49a67cb30cbe07a56f50180_1": {
      "createdDate": 1641305820000,
      "id": "1b1c13fcf49a67cb30cbe07a56f50180_1",
      "schoolId": "1b1c13fcf49a67cb30cbe07a56f50180",
      "standard": "4th Standard",
      "studentLocation": "Hyderabad",
      "studentName": "Emma Wilson",
      "updatedDate": 1641411620000
    },
    "1b1c13fcf49a67cb30cbe07a56f50180_2": {
      "createdDate": 1641205820000,
      "id": "1b1c13fcf49a67cb30cbe07a56f50180_2",
      "schoolId": "1b1c13fcf49a67cb30cbe07a56f50180",
      "standard": "8th Standard",
      "studentLocation": "Delhi",
      "studentName": "Noah Brown",
      "updatedDate": 1641311620000
    },
    "1b1c13fcf49a67cb30cbe07a56f50180_3": {
      "createdDate": 1641405820000,
      "id": "1b1c13fcf49a67cb30cbe07a56f50180_3",
      "schoolId": "1b1c13fcf49a67cb30cbe07a56f50180",
      "standard": "6th Standard",
      "studentLocation": "Chennai",
      "studentName": "Liam Thompson",
      "updatedDate": 1641416620000
    },
    "1b1c13fcf49a67cb30cbe07a56f50180_4": {
      "createdDate": 1641505820000,
      "id": "1b1c13fcf49a67cb30cbe07a56f50180_4",
      "schoolId": "1b1c13fcf49a67cb30cbe07a56f50180",
      "standard": "7th Standard",
      "studentLocation": "Mumbai",
      "studentName": "Olivia Hall",
      "updatedDate": 1641511620000
    },
    "1b1c13fcf49a67cb30cbe07a56f50180_5": {
      "createdDate": 1641605820000,
      "id": "1b1c13fcf49a67cb30cbe07a56f50180_5",
      "schoolId": "1b1c13fcf49a67cb30cbe07a56f50180",
      "standard": "5th Standard",
      "studentLocation": "Kolkata",
      "studentName": "Isabella Clark",
      "updatedDate": 1641611620000
    }
  },
  "2c98de8a18aaef2f89a2144a1873f73f": {
    "2c98de8a18aaef2f89a2144a1873f73f_1": {
      "createdDate": 1641305820000,
      "id": "2c98de8a18aaef2f89a2144a1873f73f_1",
      "schoolId": "2c98de8a18aaef2f89a2144a1873f73f",
      "standard": "4th Standard",
      "studentLocation": "Kolkata",
      "studentName": "Sophia Harris",
      "updatedDate": 1641411620000
    },
    "2c98de8a18aaef2f89a2144a1873f73f_2": {
      "createdDate": 1641205820000,
      "id": "2c98de8a18aaef2f89a2144a1873f73f_2",
      "schoolId": "2c98de8a18aaef2f89a2144a1873f73f",
      "standard": "8th Standard",
      "studentLocation": "Bangalore",
      "studentName": "Liam Wilson",
      "updatedDate": 1641311620000
    },
    "2c98de8a18aaef2f89a2144a1873f73f_3": {
      "createdDate": 1641405820000,
      "id": "2c98de8a18aaef2f89a2144a1873f73f_3",
      "schoolId": "2c98de8a18aaef2f89a2144a1873f73f",
      "standard": "6th Standard",
      "studentLocation": "Chennai",
      "studentName": "Oliver Thompson",
      "updatedDate": 1641416620000
    },
    "2c98de8a18aaef2f89a2144a1873f73f_4": {
      "createdDate": 1641505820000,
      "id": "2c98de8a18aaef2f89a2144a1873f73f_4",
      "schoolId": "2c98de8a18aaef2f89a2144a1873f73f",
      "standard": "7th Standard",
      "studentLocation": "Mumbai",
      "studentName": "Ethan Hall",
      "updatedDate": 1641511620000
    },
    "2c98de8a18aaef2f89a2144a1873f73f_5": {
      "createdDate": 1641605820000,
      "id": "2c98de8a18aaef2f89a2144a1873f73f_5",
      "schoolId": "2c98de8a18aaef2f89a2144a1873f73f",
      "standard": "5th Standard",
      "studentLocation": "Delhi",
      "studentName": "Aiden Clark",
      "updatedDate": 1641611620000
    }
  },
  "5fcbfa75c582625d3d5aa3a346d6b15b": {
    "5fcbfa75c582625d3d5aa3a346d6b15b_1": {
      "createdDate": 1641305820000,
      "id": "5fcbfa75c582625d3d5aa3a346d6b15b_1",
      "schoolId": "5fcbfa75c582625d3d5aa3a346d6b15b",
      "standard": "4th Standard",
      "studentLocation": "Bangalore",
      "studentName": "Ava Harris",
      "updatedDate": 1641411620000
    },
    "5fcbfa75c582625d3d5aa3a346d6b15b_2": {
      "createdDate": 1641205820000,
      "id": "5fcbfa75c582625d3d5aa3a346d6b15b_2",
      "schoolId": "5fcbfa75c582625d3d5aa3a346d6b15b",
      "standard": "8th Standard",
      "studentLocation": "Chennai",
      "studentName": "Ethan Young",
      "updatedDate": 1641311620000
    },
    "5fcbfa75c582625d3d5aa3a346d6b15b_3": {
      "createdDate": 1641405820000,
      "id": "5fcbfa75c582625d3d5aa3a346d6b15b_3",
      "schoolId": "5fcbfa75c582625d3d5aa3a346d6b15b",
      "standard": "6th Standard",
      "studentLocation": "Mumbai",
      "studentName": "Mia Clark",
      "updatedDate": 1641416620000
    },
    "5fcbfa75c582625d3d5aa3a346d6b15b_4": {
      "createdDate": 1641505820000,
      "id": "5fcbfa75c582625d3d5aa3a346d6b15b_4",
      "schoolId": "5fcbfa75c582625d3d5aa3a346d6b15b",
      "standard": "7th Standard",
      "studentLocation": "Delhi",
      "studentName": "Noah Thompson",
      "updatedDate": 1641511620000
    },
    "5fcbfa75c582625d3d5aa3a346d6b15b_5": {
      "createdDate": 1641605820000,
      "id": "5fcbfa75c582625d3d5aa3a346d6b15b_5",
      "schoolId": "5fcbfa75c582625d3d5aa3a346d6b15b",
      "standard": "5th Standard",
      "studentLocation": "Hyderabad",
      "studentName": "Olivia Hall",
      "updatedDate": 1641611620000
    }
  },
  "6a30c9f6d5aa7226c5d0f4759b7347a8": {
    "6a30c9f6d5aa7226c5d0f4759b7347a8_1": {
      "createdDate": 1641305820000,
      "id": "6a30c9f6d5aa7226c5d0f4759b7347a8_1",
      "schoolId": "6a30c9f6d5aa7226c5d0f4759b7347a8",
      "standard": "4th Standard",
      "studentLocation": "Mumbai",
      "studentName": "Lucas Harris",
      "updatedDate": 1641411620000
    },
    "6a30c9f6d5aa7226c5d0f4759b7347a8_2": {
      "createdDate": 1641205820000,
      "id": "6a30c9f6d5aa7226c5d0f4759b7347a8_2",
      "schoolId": "6a30c9f6d5aa7226c5d0f4759b7347a8",
      "standard": "8th Standard",
      "studentLocation": "Kolkata",
      "studentName": "Ava Wilson",
      "updatedDate": 1641311620000
    },
    "6a30c9f6d5aa7226c5d0f4759b7347a8_3": {
      "createdDate": 1641405820000,
      "id": "6a30c9f6d5aa7226c5d0f4759b7347a8_3",
      "schoolId": "6a30c9f6d5aa7226c5d0f4759b7347a8",
      "standard": "6th Standard",
      "studentLocation": "Hyderabad",
      "studentName": "Emma Thompson",
      "updatedDate": 1641416620000
    },
    "6a30c9f6d5aa7226c5d0f4759b7347a8_4": {
      "createdDate": 1641505820000,
      "id": "6a30c9f6d5aa7226c5d0f4759b7347a8_4",
      "schoolId": "6a30c9f6d5aa7226c5d0f4759b7347a8",
      "standard": "7th Standard",
      "studentLocation": "Delhi",
      "studentName": "Noah Hall",
      "updatedDate": 1641511620000
    },
    "6a30c9f6d5aa7226c5d0f4759b7347a8_5": {
      "createdDate": 1641605820000,
      "id": "6a30c9f6d5aa7226c5d0f4759b7347a8_5",
      "schoolId": "6a30c9f6d5aa7226c5d0f4759b7347a8",
      "standard": "5th Standard",
      "studentLocation": "Bangalore",
      "studentName": "Chloe Clark",
      "updatedDate": 1641611620000
    }
  },
  "0a08d55c8e894d35b00167aaeb7b5da55": {
    "0a08d55c8e894d35b00167aaeb7b5da55_1": {
      "createdDate": 1641205820000,
      "id": "0a08d55c8e894d35b00167aaeb7b5da55_1",
      "schoolId": "0a08d55c8e894d35b00167aaeb7b5da55",
      "standard": "6th Standard",
      "studentLocation": "Hyderabad",
      "studentName": "Sophia Wilson",
      "updatedDate": 1641311620000
    },
    "0a08d55c8e894d35b00167aaeb7b5da55_2": {
      "createdDate": 1641305820000,
      "id": "0a08d55c8e894d35b00167aaeb7b5da55_2",
      "schoolId": "0a08d55c8e894d35b00167aaeb7b5da55",
      "standard": "4th Standard",
      "studentLocation": "Chennai",
      "studentName": "Ethan Young",
      "updatedDate": 1641411620000
    },
    "0a08d55c8e894d35b00167aaeb7b5da55_3": {
      "createdDate": 1641405820000,
      "id": "0a08d55c8e894d35b00167aaeb7b5da55_3",
      "schoolId": "0a08d55c8e894d35b00167aaeb7b5da55",
      "standard": "8th Standard",
      "studentLocation": "Mumbai",
      "studentName": "Ethan Thompson",
      "updatedDate": 1641416620000
    },
    "0a08d55c8e894d35b00167aaeb7b5da55_4": {
      "createdDate": 1641505820000,
      "id": "0a08d55c8e894d35b00167aaeb7b5da55_4",
      "schoolId": "0a08d55c8e894d35b00167aaeb7b5da55",
      "standard": "5th Standard",
      "studentLocation": "Delhi",
      "studentName": "Noah Thompson",
      "updatedDate": 1641511620000
    },
    "0a08d55c8e894d35b00167aaeb7b5da55_5": {
      "createdDate": 1641605820000,
      "id": "0a08d55c8e894d35b00167aaeb7b5da55_5",
      "schoolId": "0a08d55c8e894d35b00167aaeb7b5da55",
      "standard": "7th Standard",
      "studentLocation": "Bangalore",
      "studentName": "Chloe Clark",
      "updatedDate": 1641611620000
    }
  },
  "3d73083e5e7bcfcb9a05742d2f37c4c9": {
    "3d73083e5e7bcfcb9a05742d2f37c4c9_1": {
      "createdDate": 1641205820000,
      "id": "3d73083e5e7bcfcb9a05742d2f37c4c9_1",
      "schoolId": "3d73083e5e7bcfcb9a05742d2f37c4c9",
      "standard": "6th Standard",
      "studentLocation": "Delhi",
      "studentName": "Lucas Harris",
      "updatedDate": 1641311620000
    },
    "3d73083e5e7bcfcb9a05742d2f37c4c9_2": {
      "createdDate": 1641305820000,
      "id": "3d73083e5e7bcfcb9a05742d2f37c4c9_2",
      "schoolId": "3d73083e5e7bcfcb9a05742d2f37c4c9",
      "standard": "4th Standard",
      "studentLocation": "Kolkata",
      "studentName": "Ava Wilson",
      "updatedDate": 1641411620000
    },
    "3d73083e5e7bcfcb9a05742d2f37c4c9_3": {
      "createdDate": 1641405820000,
      "id": "3d73083e5e7bcfcb9a05742d2f37c4c9_3",
      "schoolId": "3d73083e5e7bcfcb9a05742d2f37c4c9",
      "standard": "8th Standard",
      "studentLocation": "Mumbai",
      "studentName": "Emma Thompson",
      "updatedDate": 1641416620000
    },
    "3d73083e5e7bcfcb9a05742d2f37c4c9_4": {
      "createdDate": 1641505820000,
      "id": "3d73083e5e7bcfcb9a05742d2f37c4c9_4",
      "schoolId": "3d73083e5e7bcfcb9a05742d2f37c4c9",
      "standard": "5th Standard",
      "studentLocation": "Hyderabad",
      "studentName": "Noah Hall",
      "updatedDate": 1641511620000
    },
    "3d73083e5e7bcfcb9a05742d2f37c4c9_5": {
      "createdDate": 1641605820000,
      "id": "3d73083e5e7bcfcb9a05742d2f37c4c9_5",
      "schoolId": "3d73083e5e7bcfcb9a05742d2f37c4c9",
      "standard": "7th Standard",
      "studentLocation": "Bangalore",
      "studentName": "Chloe Clark",
      "updatedDate": 1641611620000
    }
  },
  "7bbd01d18e8e8de1b795d5b271bbf517": {
    "7bbd01d18e8e8de1b795d5b271bbf517_1": {
      "createdDate": 1641205820000,
      "id": "7bbd01d18e8e8de1b795d5b271bbf517_1",
      "schoolId": "7bbd01d18e8e8de1b795d5b271bbf517",
      "standard": "6th Standard",
      "studentLocation": "Bangalore",
      "studentName": "Sophia Wilson",
      "updatedDate": 1641311620000
    },
    "7bbd01d18e8e8de1b795d5b271bbf517_2": {
      "createdDate": 1641305820000,
      "id": "7bbd01d18e8e8de1b795d5b271bbf517_2",
      "schoolId": "7bbd01d18e8e8de1b795d5b271bbf517",
      "standard": "4th Standard",
      "studentLocation": "Chennai",
      "studentName": "Ethan Young",
      "updatedDate": 1641411620000
    },
    "7bbd01d18e8e8de1b795d5b271bbf517_3": {
      "createdDate": 1641405820000,
      "id": "7bbd01d18e8e8de1b795d5b271bbf517_3",
      "schoolId": "7bbd01d18e8e8de1b795d5b271bbf517",
      "standard": "8th Standard",
      "studentLocation": "Mumbai",
      "studentName": "Ethan Thompson",
      "updatedDate": 1641416620000
    },
    "7bbd01d18e8e8de1b795d5b271bbf517_4": {
      "createdDate": 1641505820000,
      "id": "7bbd01d18e8e8de1b795d5b271bbf517_4",
      "schoolId": "7bbd01d18e8e8de1b795d5b271bbf517",
      "standard": "5th Standard",
      "studentLocation": "Delhi",
      "studentName": "Noah Thompson",
      "updatedDate": 1641511620000
    },
    "7bbd01d18e8e8de1b795d5b271bbf517_5": {
      "createdDate": 1641605820000,
      "id": "7bbd01d18e8e8de1b795d5b271bbf517_5",
      "schoolId": "7bbd01d18e8e8de1b795d5b271bbf517",
      "standard": "7th Standard",
      "studentLocation": "Hyderabad",
      "studentName": "Chloe Clark",
      "updatedDate": 1641611620000
    }
  },
  "8a7f1bc01f27c53bf4f50e75fa8aa09e": {
    "8a7f1bc01f27c53bf4f50e75fa8aa09e_1": {
      "createdDate": 1641205820000,
      "id": "8a7f1bc01f27c53bf4f50e75fa8aa09e_1",
      "schoolId": "8a7f1bc01f27c53bf4f50e75fa8aa09e",
      "standard": "6th Standard",
      "studentLocation": "Delhi",
      "studentName": "Lucas Harris",
      "updatedDate": 1641311620000
    },
    "8a7f1bc01f27c53bf4f50e75fa8aa09e_2": {
      "createdDate": 1641305820000,
      "id": "8a7f1bc01f27c53bf4f50e75fa8aa09e_2",
      "schoolId": "8a7f1bc01f27c53bf4f50e75fa8aa09e",
      "standard": "4th Standard",
      "studentLocation": "Kolkata",
      "studentName": "Ava Wilson",
      "updatedDate": 1641411620000
    },
    "8a7f1bc01f27c53bf4f50e75fa8aa09e_3": {
      "createdDate": 1641405820000,
      "id": "8a7f1bc01f27c53bf4f50e75fa8aa09e_3",
      "schoolId": "8a7f1bc01f27c53bf4f50e75fa8aa09e",
      "standard": "8th Standard",
      "studentLocation": "Mumbai",
      "studentName": "Emma Thompson",
      "updatedDate": 1641416620000
    },
    "8a7f1bc01f27c53bf4f50e75fa8aa09e_4": {
      "createdDate": 1641505820000,
      "id": "8a7f1bc01f27c53bf4f50e75fa8aa09e_4",
      "schoolId": "8a7f1bc01f27c53bf4f50e75fa8aa09e",
      "standard": "5th Standard",
      "studentLocation": "Hyderabad",
      "studentName": "Noah Hall",
      "updatedDate": 1641511620000
    },
    "8a7f1bc01f27c53bf4f50e75fa8aa09e_5": {
      "createdDate": 1641605820000,
      "id": "8a7f1bc01f27c53bf4f50e75fa8aa09e_5",
      "schoolId": "8a7f1bc01f27c53bf4f50e75fa8aa09e",
      "standard": "7th Standard",
      "studentLocation": "Bangalore",
      "studentName": "Chloe Clark",
      "updatedDate": 1641611620000
    }
  },
  "9d3a6f56b88e8f64ad1b73eebf7e68e5": {
    "9d3a6f56b88e8f64ad1b73eebf7e68e5_1": {
      "createdDate": 1641205820000,
      "id": "9d3a6f56b88e8f64ad1b73eebf7e68e5_1",
      "schoolId": "9d3a6f56b88e8f64ad1b73eebf7e68e5",
      "standard": "6th Standard",
      "studentLocation": "Delhi",
      "studentName": "Lucas Harris",
      "updatedDate": 1641311620000
    },
    "9d3a6f56b88e8f64ad1b73eebf7e68e5_2": {
      "createdDate": 1641305820000,
      "id": "9d3a6f56b88e8f64ad1b73eebf7e68e5_2",
      "schoolId": "9d3a6f56b88e8f64ad1b73eebf7e68e5",
      "standard": "4th Standard",
      "studentLocation": "Kolkata",
      "studentName": "Ava Wilson",
      "updatedDate": 1641411620000
    },
    "9d3a6f56b88e8f64ad1b73eebf7e68e5_3": {
      "createdDate": 1641405820000,
      "id": "9d3a6f56b88e8f64ad1b73eebf7e68e5_3",
      "schoolId": "9d3a6f56b88e8f64ad1b73eebf7e68e5",
      "standard": "8th Standard",
      "studentLocation": "Mumbai",
      "studentName": "Emma Thompson",
      "updatedDate": 1641416620000
    },
    "9d3a6f56b88e8f64ad1b73eebf7e68e5_4": {
      "createdDate": 1641505820000,
      "id": "9d3a6f56b88e8f64ad1b73eebf7e68e5_4",
      "schoolId": "9d3a6f56b88e8f64ad1b73eebf7e68e5",
      "standard": "5th Standard",
      "studentLocation": "Hyderabad",
      "studentName": "Noah Hall",
      "updatedDate": 1641511620000
    },
    "9d3a6f56b88e8f64ad1b73eebf7e68e5_5": {
      "createdDate": 1641605820000,
      "id": "9d3a6f56b88e8f64ad1b73eebf7e68e5_5",
      "schoolId": "9d3a6f56b88e8f64ad1b73eebf7e68e5",
      "standard": "7th Standard",
      "studentLocation": "Bangalore",
      "studentName": "Chloe Clark",
      "updatedDate": 1641611620000
    }
  },
  "0b4e95472fa8b683defe25ef5d6e014a": {
    "0b4e95472fa8b683defe25ef5d6e014a_1": {
      "createdDate": 1641205820000,
      "id": "0b4e95472fa8b683defe25ef5d6e014a_1",
      "schoolId": "0b4e95472fa8b683defe25ef5d6e014a",
      "standard": "6th Standard",
      "studentLocation": "Delhi",
      "studentName": "Lucas Harris",
      "updatedDate": 1641311620000
    },
    "0b4e95472fa8b683defe25ef5d6e014a_2": {
      "createdDate": 1641305820000,
      "id": "0b4e95472fa8b683defe25ef5d6e014a_2",
      "schoolId": "0b4e95472fa8b683defe25ef5d6e014a",
      "standard": "4th Standard",
      "studentLocation": "Kolkata",
      "studentName": "Ava Wilson",
      "updatedDate": 1641411620000
    },
    "0b4e95472fa8b683defe25ef5d6e014a_3": {
      "createdDate": 1641405820000,
      "id": "0b4e95472fa8b683defe25ef5d6e014a_3",
      "schoolId": "0b4e95472fa8b683defe25ef5d6e014a",
      "standard": "8th Standard",
      "studentLocation": "Mumbai",
      "studentName": "Emma Thompson",
      "updatedDate": 1641416620000
    },
    "0b4e95472fa8b683defe25ef5d6e014a_4": {
      "createdDate": 1641505820000,
      "id": "0b4e95472fa8b683defe25ef5d6e014a_4",
      "schoolId": "0b4e95472fa8b683defe25ef5d6e014a",
      "standard": "5th Standard",
      "studentLocation": "Hyderabad",
      "studentName": "Noah Hall",
      "updatedDate": 1641511620000
    },
    "0b4e95472fa8b683defe25ef5d6e014a_5": {
      "createdDate": 1641605820000,
      "id": "0b4e95472fa8b683defe25ef5d6e014a_5",
      "schoolId": "0b4e95472fa8b683defe25ef5d6e014a",
      "standard": "7th Standard",
      "studentLocation": "Bangalore",
      "studentName": "Chloe Clark",
      "updatedDate": 1641611620000
    }
  },
  "1c2d3a3d3e29ef7eade0231a25b17f51": {
    "1c2d3a3d3e29ef7eade0231a25b17f51_1": {
      "createdDate": 1641205820000,
      "id": "1c2d3a3d3e29ef7eade0231a25b17f51_1",
      "schoolId": "1c2d3a3d3e29ef7eade0231a25b17f51",
      "standard": "6th Standard",
      "studentLocation": "Delhi",
      "studentName": "Lucas Harris",
      "updatedDate": 1641311620000
    },
    "1c2d3a3d3e29ef7eade0231a25b17f51_2": {
      "createdDate": 1641305820000,
      "id": "1c2d3a3d3e29ef7eade0231a25b17f51_2",
      "schoolId": "1c2d3a3d3e29ef7eade0231a25b17f51",
      "standard": "4th Standard",
      "studentLocation": "Kolkata",
      "studentName": "Ava Wilson",
      "updatedDate": 1641411620000
    },
    "1c2d3a3d3e29ef7eade0231a25b17f51_3": {
      "createdDate": 1641405820000,
      "id": "1c2d3a3d3e29ef7eade0231a25b17f51_3",
      "schoolId": "1c2d3a3d3e29ef7eade0231a25b17f51",
      "standard": "8th Standard",
      "studentLocation": "Mumbai",
      "studentName": "Emma Thompson",
      "updatedDate": 1641416620000
    },
    "1c2d3a3d3e29ef7eade0231a25b17f51_4": {
      "createdDate": 1641505820000,
      "id": "1c2d3a3d3e29ef7eade0231a25b17f51_4",
      "schoolId": "1c2d3a3d3e29ef7eade0231a25b17f51",
      "standard": "5th Standard",
      "studentLocation": "Hyderabad",
      "studentName": "Noah Hall",
      "updatedDate": 1641511620000
    },
    "1c2d3a3d3e29ef7eade0231a25b17f51_5": {
      "createdDate": 1641605820000,
      "id": "1c2d3a3d3e29ef7eade0231a25b17f51_5",
      "schoolId": "1c2d3a3d3e29ef7eade0231a25b17f51",
      "standard": "7th Standard",
      "studentLocation": "Bangalore",
      "studentName": "Chloe Clark",
      "updatedDate": 1641611620000
    }
  },
  "2f5ec0f8cf0e5d4abef8ec28d32e1767": {
    "2f5ec0f8cf0e5d4abef8ec28d32e1767_1": {
      "createdDate": 1641205820000,
      "id": "2f5ec0f8cf0e5d4abef8ec28d32e1767_1",
      "schoolId": "2f5ec0f8cf0e5d4abef8ec28d32e1767",
      "standard": "6th Standard",
      "studentLocation": "Delhi",
      "studentName": "Lucas Harris",
      "updatedDate": 1641311620000
    },
    "2f5ec0f8cf0e5d4abef8ec28d32e1767_2": {
      "createdDate": 1641305820000,
      "id": "2f5ec0f8cf0e5d4abef8ec28d32e1767_2",
      "schoolId": "2f5ec0f8cf0e5d4abef8ec28d32e1767",
      "standard": "4th Standard",
      "studentLocation": "Kolkata",
      "studentName": "Ava Wilson",
      "updatedDate": 1641411620000
    },
    "2f5ec0f8cf0e5d4abef8ec28d32e1767_3": {
      "createdDate": 1641405820000,
      "id": "2f5ec0f8cf0e5d4abef8ec28d32e1767_3",
      "schoolId": "2f5ec0f8cf0e5d4abef8ec28d32e1767",
      "standard": "8th Standard",
      "studentLocation": "Mumbai",
      "studentName": "Emma Thompson",
      "updatedDate": 1641416620000
    },
    "2f5ec0f8cf0e5d4abef8ec28d32e1767_4": {
      "createdDate": 1641505820000,
      "id": "2f5ec0f8cf0e5d4abef8ec28d32e1767_4",
      "schoolId": "2f5ec0f8cf0e5d4abef8ec28d32e1767",
      "standard": "5th Standard",
      "studentLocation": "Hyderabad",
      "studentName": "Noah Hall",
      "updatedDate": 1641511620000
    },
    "2f5ec0f8cf0e5d4abef8ec28d32e1767_5": {
      "createdDate": 1641605820000,
      "id": "2f5ec0f8cf0e5d4abef8ec28d32e1767_5",
      "schoolId": "2f5ec0f8cf0e5d4abef8ec28d32e1767",
      "standard": "7th Standard",
      "studentLocation": "Bangalore",
      "studentName": "Chloe Clark",
      "updatedDate": 1641611620000
    }
  },
  "3d6b1e793e3d59f5883b06e9723be75b": {
    "3d6b1e793e3d59f5883b06e9723be75b_1": {
      "createdDate": 1641205820000,
      "id": "3d6b1e793e3d59f5883b06e9723be75b_1",
      "schoolId": "3d6b1e793e3d59f5883b06e9723be75b",
      "standard": "6th Standard",
      "studentLocation": "Delhi",
      "studentName": "Lucas Harris",
      "updatedDate": 1641311620000
    },
    "3d6b1e793e3d59f5883b06e9723be75b_2": {
      "createdDate": 1641305820000,
      "id": "3d6b1e793e3d59f5883b06e9723be75b_2",
      "schoolId": "3d6b1e793e3d59f5883b06e9723be75b",
      "standard": "4th Standard",
      "studentLocation": "Kolkata",
      "studentName": "Ava Wilson",
      "updatedDate": 1641411620000
    },
    "3d6b1e793e3d59f5883b06e9723be75b_3": {
      "createdDate": 1641405820000,
      "id": "3d6b1e793e3d59f5883b06e9723be75b_3",
      "schoolId": "3d6b1e793e3d59f5883b06e9723be75b",
      "standard": "8th Standard",
      "studentLocation": "Mumbai",
      "studentName": "Emma Thompson",
      "updatedDate": 1641416620000
    },
    "3d6b1e793e3d59f5883b06e9723be75b_4": {
      "createdDate": 1641505820000,
      "id": "3d6b1e793e3d59f5883b06e9723be75b_4",
      "schoolId": "3d6b1e793e3d59f5883b06e9723be75b",
      "standard": "5th Standard",
      "studentLocation": "Hyderabad",
      "studentName": "Noah Hall",
      "updatedDate": 1641511620000
    },
    "3d6b1e793e3d59f5883b06e9723be75b_5": {
      "createdDate": 1641605820000,
      "id": "3d6b1e793e3d59f5883b06e9723be75b_5",
      "schoolId": "3d6b1e793e3d59f5883b06e9723be75b",
      "standard": "7th Standard",
      "studentLocation": "Bangalore",
      "studentName": "Chloe Clark",
      "updatedDate": 1641611620000
    }
  },
  "4d7f3bebdedc7b6e8b58a9219d0b12da": {
    "4d7f3bebdedc7b6e8b58a9219d0b12da_1": {
      "createdDate": 1641205820000,
      "id": "4d7f3bebdedc7b6e8b58a9219d0b12da_1",
      "schoolId": "4d7f3bebdedc7b6e8b58a9219d0b12da",
      "standard": "6th Standard",
      "studentLocation": "Delhi",
      "studentName": "Lucas Harris",
      "updatedDate": 1641311620000
    },
    "4d7f3bebdedc7b6e8b58a9219d0b12da_2": {
      "createdDate": 1641305820000,
      "id": "4d7f3bebdedc7b6e8b58a9219d0b12da_2",
      "schoolId": "4d7f3bebdedc7b6e8b58a9219d0b12da",
      "standard": "4th Standard",
      "studentLocation": "Kolkata",
      "studentName": "Ava Wilson",
      "updatedDate": 1641411620000
    },
    "4d7f3bebdedc7b6e8b58a9219d0b12da_3": {
      "createdDate": 1641405820000,
      "id": "4d7f3bebdedc7b6e8b58a9219d0b12da_3",
      "schoolId": "4d7f3bebdedc7b6e8b58a9219d0b12da",
      "standard": "8th Standard",
      "studentLocation": "Mumbai",
      "studentName": "Emma Thompson",
      "updatedDate": 1641416620000
    },
    "4d7f3bebdedc7b6e8b58a9219d0b12da_4": {
      "createdDate": 1641505820000,
      "id": "4d7f3bebdedc7b6e8b58a9219d0b12da_4",
      "schoolId": "4d7f3bebdedc7b6e8b58a9219d0b12da",
      "standard": "5th Standard",
      "studentLocation": "Hyderabad",
      "studentName": "Noah Hall",
      "updatedDate": 1641511620000
    },
    "4d7f3bebdedc7b6e8b58a9219d0b12da_5": {
      "createdDate": 1641605820000,
      "id": "4d7f3bebdedc7b6e8b58a9219d0b12da_5",
      "schoolId": "4d7f3bebdedc7b6e8b58a9219d0b12da",
      "standard": "7th Standard",
      "studentLocation": "Bangalore",
      "studentName": "Chloe Clark",
      "updatedDate": 1641611620000
    }
  },
  "5bca3c074f474e8b7fbdef7e8b227ba9": {
    "5bca3c074f474e8b7fbdef7e8b227ba9_1": {
      "createdDate": 1641205820000,
      "id": "5bca3c074f474e8b7fbdef7e8b227ba9_1",
      "schoolId": "5bca3c074f474e8b7fbdef7e8b227ba9",
      "standard": "6th Standard",
      "studentLocation": "Delhi",
      "studentName": "Lucas Harris",
      "updatedDate": 1641311620000
    },
    "5bca3c074f474e8b7fbdef7e8b227ba9_2": {
      "createdDate": 1641305820000,
      "id": "5bca3c074f474e8b7fbdef7e8b227ba9_2",
      "schoolId": "5bca3c074f474e8b7fbdef7e8b227ba9",
      "standard": "4th Standard",
      "studentLocation": "Kolkata",
      "studentName": "Ava Wilson",
      "updatedDate": 1641411620000
    },
    "5bca3c074f474e8b7fbdef7e8b227ba9_3": {
      "createdDate": 1641405820000,
      "id": "5bca3c074f474e8b7fbdef7e8b227ba9_3",
      "schoolId": "5bca3c074f474e8b7fbdef7e8b227ba9",
      "standard": "8th Standard",
      "studentLocation": "Mumbai",
      "studentName": "Emma Thompson",
      "updatedDate": 1641416620000
    },
    "5bca3c074f474e8b7fbdef7e8b227ba9_4": {
      "createdDate": 1641505820000,
      "id": "5bca3c074f474e8b7fbdef7e8b227ba9_4",
      "schoolId": "5bca3c074f474e8b7fbdef7e8b227ba9",
      "standard": "5th Standard",
      "studentLocation": "Hyderabad",
      "studentName": "Noah Hall",
      "updatedDate": 1641511620000
    },
    "5bca3c074f474e8b7fbdef7e8b227ba9_5": {
      "createdDate": 1641605820000,
      "id": "5bca3c074f474e8b7fbdef7e8b227ba9_5",
      "schoolId": "5bca3c074f474e8b7fbdef7e8b227ba9",
      "standard": "7th Standard",
      "studentLocation": "Bangalore",
      "studentName": "Chloe Clark",
      "updatedDate": 1641611620000
    }
  },
  "6f8aa867872e6e90e4d0b91c3068948b": {
    "6f8aa867872e6e90e4d0b91c3068948b_1": {
      "createdDate": 1641205820000,
      "id": "6f8aa867872e6e90e4d0b91c3068948b_1",
      "schoolId": "6f8aa867872e6e90e4d0b91c3068948b",
      "standard": "6th Standard",
      "studentLocation": "Delhi",
      "studentName": "Lucas Harris",
      "updatedDate": 1641311620000
    },
    "6f8aa867872e6e90e4d0b91c3068948b_2": {
      "createdDate": 1641305820000,
      "id": "6f8aa867872e6e90e4d0b91c3068948b_2",
      "schoolId": "6f8aa867872e6e90e4d0b91c3068948b",
      "standard": "4th Standard",
      "studentLocation": "Kolkata",
      "studentName": "Ava Wilson",
      "updatedDate": 1641411620000
    },
    "6f8aa867872e6e90e4d0b91c3068948b_3": {
      "createdDate": 1641405820000,
      "id": "6f8aa867872e6e90e4d0b91c3068948b_3",
      "schoolId": "6f8aa867872e6e90e4d0b91c3068948b",
      "standard": "8th Standard",
      "studentLocation": "Mumbai",
      "studentName": "Emma Thompson",
      "updatedDate": 1641416620000
    },
    "6f8aa867872e6e90e4d0b91c3068948b_4": {
      "createdDate": 1641505820000,
      "id": "6f8aa867872e6e90e4d0b91c3068948b_4",
      "schoolId": "6f8aa867872e6e90e4d0b91c3068948b",
      "standard": "5th Standard",
      "studentLocation": "Hyderabad",
      "studentName": "Noah Hall",
      "updatedDate": 1641511620000
    },
    "6f8aa867872e6e90e4d0b91c3068948b_5": {
      "createdDate": 1641605820000,
      "id": "6f8aa867872e6e90e4d0b91c3068948b_5",
      "schoolId": "6f8aa867872e6e90e4d0b91c3068948b",
      "standard": "7th Standard",
      "studentLocation": "Bangalore",
      "studentName": "Chloe Clark",
      "updatedDate": 1641611620000
    }
  },
  "7c96d87b38f7264391f9e1d3b6e36360": {
    "7c96d87b38f7264391f9e1d3b6e36360_1": {
      "createdDate": 1641205820000,
      "id": "7c96d87b38f7264391f9e1d3b6e36360_1",
      "schoolId": "7c96d87b38f7264391f9e1d3b6e36360",
      "standard": "6th Standard",
      "studentLocation": "Delhi",
      "studentName": "Lucas Harris",
      "updatedDate": 1641311620000
    },
    "7c96d87b38f7264391f9e1d3b6e36360_2": {
      "createdDate": 1641305820000,
      "id": "7c96d87b38f7264391f9e1d3b6e36360_2",
      "schoolId": "7c96d87b38f7264391f9e1d3b6e36360",
      "standard": "4th Standard",
      "studentLocation": "Kolkata",
      "studentName": "Ava Wilson",
      "updatedDate": 1641411620000
    },
    "7c96d87b38f7264391f9e1d3b6e36360_3": {
      "createdDate": 1641405820000,
      "id": "7c96d87b38f7264391f9e1d3b6e36360_3",
      "schoolId": "7c96d87b38f7264391f9e1d3b6e36360",
      "standard": "8th Standard",
      "studentLocation": "Mumbai",
      "studentName": "Emma Thompson",
      "updatedDate": 1641416620000
    },
    "7c96d87b38f7264391f9e1d3b6e36360_4": {
      "createdDate": 1641505820000,
      "id": "7c96d87b38f7264391f9e1d3b6e36360_4",
      "schoolId": "7c96d87b38f7264391f9e1d3b6e36360",
      "standard": "5th Standard",
      "studentLocation": "Hyderabad",
      "studentName": "Noah Hall",
      "updatedDate": 1641511620000
    },
    "7c96d87b38f7264391f9e1d3b6e36360_5": {
      "createdDate": 1641605820000,
      "id": "7c96d87b38f7264391f9e1d3b6e36360_5",
      "schoolId": "7c96d87b38f7264391f9e1d3b6e36360",
      "standard": "7th Standard",
      "studentLocation": "Bangalore",
      "studentName": "Chloe Clark",
      "updatedDate": 1641611620000
    }
  }
}
